xqvg	修正
jike	即可
vidc	知道
ving	只能
jmdj	简单
jisr	计算
yixx	一下
yivi	一直
viui	只是
anui	按时
erui	而是
igww	成为
xnui	小时
jmvi	简直
rfwu	任务
uijm	时间
uvpk	水平
uiui	试试
ufsi	神似
irts	传统
tdwj	台湾
fjyk	反应
mwvz	每周
lmxi	联系
xmjb	现金
qijm	期间
jiqi	极其
zdxm	在线
vihv	只会
yipm	一片
mwli	美丽
xlxl	想想
andc	按到
wwrr	微软
wwvi	位置
ubgb	事半功倍
keyi	刻意
jiui	即使
hvyi	回忆
hxww	华为
yibm	一边
llbm	两边
vgju	整句
anjm	按键
djyr	单元
fjsi	反思
dayu	大于
gdbm	改编
dajx	打架
jnhr	叫唤
ihih	尝尝
bwjk	背景
uhhd	伤害
igdu	程度
fujm	附件
uiji	世纪
jxru	假如
tsyi	统一
buzd	不再
wwso	猥琐
xmee	险恶
eedu	恶毒
dadc	达到
hvfu	回复
lmjp	链接
uufu	束缚
vgfu	征服
qiui	歧视
xxci	瑕疵
wwxb	微信
fjhv	反悔
buqr	补全
juli	举例
ybxk	音形
dciu	导出
bauz	把守
baxi	把戏
bciz	报仇
bcjm	宝剑
bcxm	保鲜
bdnm	拜年
bdto	摆脱
bise	鼻塞
bmig	编程
bmjp	辩解
bmqm	便签
bnge	表哥
boxt	博学
boyb	波音
bpqu	憋屈
bwbu	北部
bwzi	杯子
cdji	猜忌
cihz	伺候
cjgr	餐馆
cjju	残局
cjsi	惨死
crdo	撺掇
cygr	存管
daie	搭车
dali	打理
dcbi	倒逼
ddbj	呆板
ddgz	代购
ddhv	带回
ddjx	代驾
devi	得志
deyi	得以
dgji	登记
dhvs	当众
dipi	地痞
djji	淡季
dkvu	顶住
dpjx	跌价
drdm	断点
drpm	短篇
dsji	动机
duih	独唱
duzi	独自
dvvh	对账
erxi	儿媳
faho	发货
faxk	发型
fayj	发炎
ffge	分割
ffhs	粉红
ffjp	分界
ffli	奋力
ffuf	分神
fgxm	奉献
fhke	访客
fhuz	防守
fhww	防伪
fjfu	反腐
fjrf	凡人
fjvi	反之
fuww	抚慰
fwui	费时
fwwu	飞舞
gcgv	搞鬼
gcic	高超
gcqk	搞清
gezi	鸽子
ghbi	钢笔
ghyc	纲要
glxm	光纤
gomb	国民
goxp	裹挟
gozc	聒噪
grli	惯例
grtz	关头
gshv	公会
gsji	共计
gsmk	功名
gspo	攻破
gsys	共用
gszi	公子
guwf	古文
gvhx	桂花
gvsu	龟速
hchj	浩瀚
hcuf	豪绅
hefh	何妨
heih	何尝
hjjm	汉奸
hlqr	皇权
houi	火势
hrle	换了
hruz	换手
hvbc	回报
hvvh	徽章
hxxt	滑雪
hztv	后腿
hzui	后市
iahx	插画
iaiu	查出
iesu	撤诉
ievj	车展
igbc	城堡
igui	诚实
igxb	诚信
ihdc	尝到
ihzi	场子
iile	迟了
iluh	创伤
irdc	传导
isgc	冲高
iszu	重组
iugv	橱柜
iuvs	初衷
iuyu	出于
iyjp	春节
iziu	踌躇
jlhu	浆糊
jiww	极为
jljb	奖金
jmqn	剑鞘
jmtk	监听
jngr	浇灌
jpkz	接口
jpww	解围
jqge	纠葛
jyui	军师
kefu	客服
kjig	堪称
kkle	快了
ksqt	空缺
kvqm	亏钱
kvtj	喟叹
kxgo	跨过
kzjn	扣缴
kzuv	扣税
lcui	老实
lifa	理发
ligs	理工
lkxk	零星
lmts	连同
lpvi	列支
lqlm	榴莲
lrxl	乱象
lszi	聋子
lvxk	履行
mcxm	毛线
mcyi	毛衣
mdgo	迈过
mdiu	迈出
mdru	迈入
mgbi	懵逼
mifg	蜜蜂
miji	秘籍
mjzu	满族
mkvi	明知
mkxi	明晰
mmli	免礼
mmtj	免谈
moww	末位
mubj	木板
mwui	美食
nmji	年级
nmsv	碾碎
nuli	奴隶
nwce	内侧
nwli	内里
pdvc	牌照
pdxi	派息
pjug	盘升
pkjk	瓶颈
pnyi	漂移
pofw	颇费
poli	破例
qibu	岂不
qkjk	清静
qkse	青涩
qkyi	情谊
qlbi	枪毙
qlvi	墙纸
qmli	潜力
qmtc	嵌套
qnqn	瞧瞧
qrli	权力
qrtc	全套
quxn	取笑
rfvi	任职
rfxk	韧性
roui	若是
ruvi	乳汁
ruyj	入眼
sixb	私信
siyi	司仪
sjbu	散布
sjww	三维
sohv	索贿
soxk	所幸
sriu	算出
sruu	算术
suui	俗世
svji	随即
tcrc	叨扰
tdgc	抬高
tevi	特制
tiiu	剔除
tivi	体制
tiwf	体温
tjzi	毯子
tkbo	停播
tngc	跳高
tnks	跳空
tnyt	条约
toxp	拖鞋
tshx	童话
tsig	同城
tsqi	通气
tsui	同事
tvbu	腿部
tvdc	推导
tvfw	退费
tzkv	偷窥
tzxl	投降
uale	傻了
ueji	涉及
uevh	赊账
ufhx	深化
uftj	神坛
ufzi	身姿
ugcd	剩菜
ugfu	升幅
ugjl	生姜
ugli	生理
ugmk	声明
uigr	使馆
uihk	使坏
ujll	闪亮
uodc	说道
uuxb	书信
uvvi	谁知
uvli	水利
uzdc	收到
uzgs	收工
uzho	收货
uzji	收集
uzli	受理
uzna	手拿
uzxx	手下
vcbj	照办
vcll	着凉
vcxx	朝霞
vdqr	债券
vdzi	宅子
veli	哲理
vigr	只管
viqm	值钱
viwf	质问
vjxm	战线
vlie	撞车
vrhr	转圜
vrtz	转头
vrxl	专项
vryj	专研
vscd	仲裁
vsdm	终点
vsli	重力
vsui	忠实
vsxb	中心
vuti	主体
vuui	注释
vvhv	坠毁
vzqi	皱起
wdjp	外接
wdke	外壳
wdmc	外貌
wdug	外甥
wfuu	文殊
wfzi	蚊子
whba	王八
whji	旺季
whuh	往上
whve	王者
whyz	网友
wjle	晚了
wjvr	玩转
wjyi	玩意
wwfg	微风
xbsr	心算
xkhc	幸好
xkig	行程
xkji	性急
xkvi	兴致
xlbi	想必
xlfu	享福
xllm	相连
xlqi	象棋
xlsi	相思
xlts	相通
xlzi	巷子
xnhx	消化
xplz	泄漏
xsvh	兄长
xsww	雄伟
xubc	续保
xuui	虚实
xxdj	下蛋
ycdm	药店
ycui	钥匙
yjge	阉割
yjli	严厉
yrli	远离
yzgo	油锅
zavi	杂质
zcfj	造反
zcjq	造就
zcle	糟了
zcqi	早起
zdke	宰客
zifu	字符
zigs	自贡
ziuf	资深
zixy	资讯
zojx	作假
zsji	踪迹
zsvi	宗旨
zsxl	纵向
zuvi	阻止
zzjb	走近
cddj	彩蛋
godu	过渡
hcma	好吗
heui	何时
nabm	哪边
naci	哪次
nadm	哪点
naer	哪儿
nage	哪个
nali	哪里
natm	哪天
navs	哪种
naww	哪位
naxp	哪些
nayh	哪样
dcui	倒是
dglu	登陆
dixn	低效
djzi	胆子
fjia	反查
gcsu	高速
gcxn	高效
goqk	国情
grwh	官网
hove	活着
hxfw	话费
icmd	超卖
mddm	卖点
mdjx	卖家
mdpn	卖票
mdvu	卖主
mkmk	命名
mwqi	每期
mwrf	没人
uhci	赏赐
wfjm	稳健
yshu	拥护
zsui	宗师
anli	按理
anrj	黯然
anzi	暗自
wubi	五笔
zoww	座位
ttdd	妥妥当当
bebj	博而不精
bvbj	不着边际
ddnn	嘟嘟囔囔
eyxx	恶言相向
fmbl	分门别类
fybh	飞扬跋扈
gagh	隔岸观火
gwjl	高屋建瓴
hfym	花繁叶茂
jfby	金发碧眼
jgbg	将功补过
jjjj	将计就计
jjyt	济济一堂
mmhh	迷迷糊糊
mrtx	美若天仙
ppll	破破烂烂
qjbm	奇经八脉
rhmj	人欢马叫
rrqm	扰人清梦
ttkk	条条框框
ttmm	甜甜蜜蜜
ttyl	头痛欲裂
uqhy	深情厚谊
urwd	时日无多
usxy	食色性也
usyg	生死攸关
wbfr	我必犯人
wqby	为期不远
wvuy	万丈深渊
wyhy	毋庸讳言
xgwd	霞光万道
yfby	有法必依
yfit	一飞冲天
yqeb	一清二白
ywxw	一物降一物
yqwl	余情未了
zhii	自毁长城
zqqr	自取其辱
zqzl	在情在理
bsbj	百思不得其解
htby	横挑鼻子竖挑眼
htyu	回头一笑百媚生
ixdd	吃香的喝辣的
lubj	临时抱佛脚
mvuh	摸着石头过河
unum	十年生死两茫茫
vvyy	睁只眼闭只眼
wgjy	无规矩不成方圆
ymsd	一亩三分地
ynvi	一年之计在于春
yqbl	远亲不如近邻
yvqu	一朝权在手
ywsv	一问三不知
