aofe	嶅
bicu	薜
biuy	襞
bwle	邶
bicu	萆
bivb	舭
bicb	芘
bidb	沘
bmse	𨚕
bicb	苾
bikb	咇
bnmm	骉
butp	埗
bodz	浡
bwwf	琲
bwmk	棓
bibb	皕
baab	鲌
bjbw	攽
bwgy	鞁
bnjx	幖
bihb	馝
bjwj	𨭉
bulw	瓿
bizu	跸
bmvz	笾
bwpo	褙
bwpn	鹎
bwuz	孛
bovy	般
cjhp	䅟
cidm	粢
cvmm	毳
dyzw	蹾
dndd	汈
dimd	杕
djdl	殚
doui	饳
dumo	阇
dhve	筜
dipj	禘
dajk	𨱏
dauz	鿎
djdk	澹
djvl	箪
diyd	羝
dujt	𬭊
eenk	姶
eeuk	𥔲
ffrr	偾
fjdv	氾
fukx	㕮
futz	垺
fhif	蚄
fgdf	浲
ffdr	𣸣
fjjt	𫔍
fubt	匐
fupd	祓
fjpn	𬸪
furf	佛
guuy	榖
gunk	牿
guuy	嘏
gsce	䢼
gvnv	姽
glww	珖
gucg	蓇
guug	馉
gvgg	廆
grve	筦
gzbf	雊
gjdg	㽏
gzbk	句
gudg	觚
heyk	𬌗
huuy	縠
hvxi	翚
hudh	冱
huhh	烀
hjfg	扞
hvho	烠
hjdk	浛
hlbw	㿠
hrdd	奂
hrjy	镮
hdkk	咍
hlww	瑝
hode	漷
hljw	锽
hcbu	皞
hlvw	艎
hljb	𨱑
hcku	嗥
hckk	嚆
huuy	觳
hukw	囫
hvds	浍
hvyh	诙
hojx	锪
hvyx	𬤝
iama	𥻗
iuih	蜍
iume	柷
iumk	樗
iidn	鸱
ifmm	榇
ijmz	梴
ijjd	刬
iama	楂
isfj	摏
iuji	斶
ijpk	襜
igmt	樘
ifmv	梣
ifhv	煁
isvl	艟
iumo	楮
izrf	雠
ihji	𬬮
jbdd	浕
juck	蒟
jicu	蒺
jicy	芰
jida	殛
jidd	剞
jrjv	锩
jnrh	僬
jnyh	醮
jmmz	楗
jirj	伋
jpbe	岊
jtmg	𫘝
jimk	枅
jxdk	泇
jitz	垍
jnxx	恔
jink	姞
jkll	竫
jumk	枸
jumk	椐
juhj	秬
jpil	蜐
jijb	𫓹
jilo	耤
jndk	滘
jbwo	瑨
jndw	漖
jidk	觭
jidn	鹡
jtdr	㵐
jppj	褯
jkww	璥
jihx	穄
jmve	笕
jmvj	篯
jnhh	燋
judu	澽
jnww	璬
jtjk	𫔎
jnbw	皦
jidd	瀱
jidx	㴔
jiga	𬶨
jprl	价
jmbk	謇
jxby	瘕
jbkd	赆
jbwz	琎
jmyj	𬣡
juzu	遽
jxmj	𬂩
kekk	匼
klke	贶
kvur	𫠆
kdmj	闿
lakd	喇
lbdl	潾
lixl	悝
luvu	舻
licd	蓠
lial	鲡
lial	鬲
licl	苈
likl	呖
liml	枥
liml	朸
lsol	昽
liwl	珕
lvmk	梠
llrx	倞
lidl	浬
lidd	浰
lhml	桹
lumu	𫘧
lidm	凓
lzdn	溇
lkds	澪
lbmx	翷
lquu	碌
luvb	簏
ldjl	铼
ljdn	漤
liil	轹
lbjl	𬭸
lbml	𬴊
liwl	𬍛
libw	疠
lltm	墚
lomx	椤
mmdm	湎
mmdm	沔
mmdd	渑
muco	苜
mwve	郿
mogm	靺
mgcn	鹲
mobd	瘼
mcce	鄚
mwdd	渼
mocu	藦
miym	醾
npcm	糵
npcx	菍
piuu	鼙
pkdm	冯
pkjk	帡
pavb	舥
pcds	匏
pucf	蒱
pdvu	簰
piuk	嚭
pibk	否
qidq	汔
pjvy	般
qmdn	鹐
qmby	褰
qimx	槭
qimj	桤
qnxh	愀
qidr	欹
qmdk	汧
qidn	洓
qitk	埼
qkgr	庼
quhw	焌
qmtq	墘
qtuo	碏
qihx	綮
qqiy	蝤
qbkx	吣
qkhx	綮
qpxn	慊
qiho	稽
qiru	俟
qiiu	𬨂
rfyr	讱
ruyr	颥
shyr	颡
ssds	凇
suuu	𫗧
sidj	凘
sijx	飔
sudu	觫
svhz	穟
svuu	尿
thdk	溏
thtk	埫
tskk	哃
tkhz	烶
tizj	遆
tadk	溚
tyxt	忳
tkiz	䗴
thge	鄌
tvhz	煺
thjp	铴
ucvo	筲
uuhu	秫
uure	鄃
uian	䴓
uidj	浉
uipu	祏
ufuu	甡
uhtk	埫
uert	畬
uiju	鼫
uipb	襫
djoa	膻
uhdp	汤
uzvz	艏
uadu	挲
ufye	诜
uihu	炻
ujye	鄯
ujcy	芟
ujhd	剡
uomw	数
uguo	眚
ufme	𬳽
uuju	𬬸
vama	楂
vamv	柞
vakj	哳
vifh	摭
vudo	潴
viit	轾
viju	帙
vipv	卮
vipv	氏
vuqm	橥
vifu	扺
vifz	擿
vicd	茋
vidd	泜
vijt	铚
vzkk	赒
vfop	昣
vizc	跱
vidi	滍
vipr	禔
vfwh	瑧
vayk	霅
vuii	蠋
vfdr	浈
vipd	祗
vizu	跖
viyd	黹
vuve	邾
vakq	咤
vhle	鄣
vjua	𫗴
vsvv	舯
vuya	𬣞
vyav	屯
wuxw	怃
wujk	铻
wwdo	洧
wwdw	沩
wwen	隈
wwcw	𫇭
wwdw	𣲗
wuwe	郚
wwev	峗
wuwk	珸
wwwf	琟
wwuj	硙
wubk	寤
wugw	靰
wudj	鋈
wwho	煟
wwdw	溦
wwan	鳂
wwui	螱
wwwq	亹
wudk	浯
wudk	洿
wujk	鼯
wumw	杌
xbju	镡
xixx	恓
xpfd	揳
xpdn	澥
xiuj	豨
xpdm	渫
xicx	葸
xiix	螅
xpmo	榍
xrby	痃
xrha	烜
xuoy	旴
xsyk	诇
xkjk	钘
xirj	俙
xiuy	饻
xroa	晅
xuky	冔
xmea	崄
xkmu	骍
xrwo	琄
xxjx	翈
xkng	婞
xioj	睎
xuyo	醑
xiur	屃
xibx	穸
xuhr	欻
xudo	湑
xmsu	缐
xkwu	瑆
xlgy	庠
xryy	谖
xiux	憙
xihx	熻
xipk	谿
xiee	酅
xpwy	𤫉
xlwy	瓖
xipd	禊
xijh	舄
ximx	粞
xirr	歙
xmuh	燹
xicj	菥
xmve	筅
xijk	𬭳
xkng	𫰛
xmoe	𬀪
xpvl	𬹼
xuyy	𬣙
xysi	𬘓
yzuv	尢
yuid	蝓
yicx	艾
yiky	匜
yuey	嵎
yzyj	羑
yjhd	剡
yjyq	谳
yjmd	阏
yusy	纡
yziy	𬨎
yrix	螈
yurx	伛
ykdx	潆
yubd	窬
yuye	邘
yirk	佁
yyds	沄
yimv	枍
yiyy	酏
yusk	矞
yidy	洢
ybmd	骃
ybqk	狺
yjsz	𫄧
yjhz	烻
yydr	涢
yzdw	浟
yihx	扅
yihy	扆
yiul	勚
yuww	敔
yjij	厣
yuye	鄅
yurx	悆
yrdv	涴
yued	隩
yctn	㙘
yuma	棫
ybvj	龂
yier	𫖮
yurt	畬
yimy	椸
yidb	潩
yixd	刈
yjhh	扊
yuwy	瑀
ykjy	锳
yyvr	筼
yuvh	艅
yiwy	裛
yian	鹝
yibn	鹢
yudk	潏
yjhj	虤
yikx	繄
yjih	黡
ybiu	蟫
yugy	髃
yjnh	嬿
ybtt	堙
yeye	邪
yixb	悒
yixl	怿
yuby	瘐
yhiy	蛘
yizd	劓
yjke	郾
yryx	羱
xudu	㳚
yuuh	熨
yijx	镱
yjdd	奄
ybyt	𬤇
yijy	𬬩
ziiz	虸
zgbx	䎖
zivr	赀
lijl	𫟷
yuhd	燠
yjyy	酽
yusn	鹬
vuzi	躅
jpgl	骱
yjve	鄢
lowf	蠃
uujy	殳
