#	尖音	拼音
积	zii1	ji1
绩	zii1	ji1
缉	zii1	ji1
唧	zii1	ji1
赍	zii1	ji1
跻	zii1	ji1
齑	zii1	ji1
𪟝	zii1	ji1
即	zii2	ji2
集	zii2	ji2
辑	zii2	ji2
疾	zii2	ji2
籍	zii2	ji2
嫉	zii2	ji2
藉	zii2	ji2
戢	zii2	ji2
塉	zii2	ji2
蒺	zii2	ji2
楫	zii2	ji2
嵴	zii2	ji2
耤	zii2	ji2
膌	zii2	ji2
踖	zii2	ji2
瘠	zii2	ji2
濈	zii2	ji2
潗	zii2	ji2
蹐	zii2	ji2
鹡	zii2	ji2
蕺	zii2	ji2
挤	zii3	ji3
济	zii3	ji3
脊	zii3	ji3
际	zii4	ji4
济	zii4	ji4
绩	zii4	ji4
迹	zii4	ji4
剂	zii4	ji4
祭	zii4	ji4
寂	zii4	ji4
鲫	zii4	ji4
𪟝	zii4	ji4
稷	zii4	ji4
穄	zii4	ji4
齌	zii4	ji4
穧	zii4	ji4
霁	zii4	ji4
鲚	zii4	ji4
哜	zii4	ji4
荠	zii4	ji4
尖	zian1	jian1
煎	zian1	jian1
歼	zian1	jian1
浅	zian1	jian1
笺	zian1	jian1
湔	zian1	jian1
戋	zian1	jian1
揃	zian1	jian1
牋	zian1	jian1
熸	zian1	jian1
櫼	zian1	jian1
鞯	zian1	jian1
鬋	zian1	jian1
篯	zian1	jian1
殱	zian1	jian1
剪	zian3	jian3
戬	zian3	jian3
翦	zian3	jian3
谫	zian3	jian3
彅	zian3	jian3
鬋	zian3	jian3
荐	zian4	jian4
渐	zian4	jian4
践	zian4	jian4
箭	zian4	jian4
贱	zian4	jian4
溅	zian4	jian4
饯	zian4	jian4
僭	zian4	jian4
洊	zian4	jian4
牮	zian4	jian4
𬣡	zian4	jian4
焦	ziao1	jiao1
椒	ziao1	jiao1
蕉	ziao1	jiao1
礁	ziao1	jiao1
鹪	ziao1	jiao1
艽	ziao1	jiao1
僬	ziao1	jiao1
燋	ziao1	jiao1
蟭	ziao1	jiao1
嚼	ziao2	jiao2
湫	ziao3	jiao3
醮	ziao4	jiao4
噍	ziao4	jiao4
皭	ziao4	jiao4
灂	ziao4	jiao4
将	ziang1	jiang1
浆	ziang1	jiang1
鳉	ziang1	jiang1
螀	ziang1	jiang1
奖	ziang3	jiang3
蒋	ziang3	jiang3
桨	ziang3	jiang3
酱	ziang4	jiang4
将	ziang4	jiang4
匠	ziang4	jiang4
虹	ziang4	jiang4
接	zie1	jie1
疖	zie1	jie1
节	zie2	jie2
截	zie2	jie2
捷	zie2	jie2
睫	zie2	jie2
婕	zie2	jie2
栉	zie2	jie2
卩	zie2	jie2
擳	zie2	jie2
巀	zie2	jie2
蠞	zie2	jie2
倢	zie2	jie2
姐	zie3	jie3
毑	zie3	jie3
借	zie4	jie4
藉	zie4	jie4
褯	zie4	jie4
唶	zie4	jie4
津	zin1	jin1
祲	zin1	jin1
尽	zin3	jin3
进	zin4	jin4
尽	zin4	jin4
晋	zin4	jin4
浸	zin4	jin4
烬	zin4	jin4
缙	zin4	jin4
荩	zin4	jin4
琎	zin4	jin4
瑨	zin4	jin4
祲	zin4	jin4
赆	zin4	jin4
浕	zin4	jin4
搢	zin4	jin4
精	zing1	jing1
睛	zing1	jing1
晶	zing1	jing1
菁	zing1	jing1
旌	zing1	jing1
腈	zing1	jing1
䴖	zing1	jing1
鼱	zing1	jing1
箐	zing1	jing1
井	zing3	jing3
阱	zing3	jing3
肼	zing3	jing3
汫	zing3	jing3
穽	zing3	jing3
净	zing4	jing4
静	zing4	jing4
靖	zing4	jing4
靓	zing4	jing4
婧	zing4	jing4
凊	zing4	jing4
揪	ziu1	jiu1
啾	ziu1	jiu1
鬏	ziu1	jiu1
酒	ziu3	jiu3
氿	ziu3	jiu3
就	ziu4	jiu4
鹫	ziu4	jiu4
僦	ziu4	jiu4
蹴	ziu4	jiu4
狙	zv1	jv1
疽	zv1	jv1
雎	zv1	jv1
苴	zv1	jv1
趄	zv1	jv1
砠	zv1	jv1
罝	zv1	jv1
娵	zv1	jv1
且	zv1	jv1
咀	zv3	jv3
沮	zv3	jv3
龃	zv3	jv3
聚	zv4	jv4
镌	zvan1	jvan1
睃	zvan1	jvan1
朘	zvan1	jvan1
隽	zvan4	jvan4
绝	zve2	jve2
爵	zve2	jve2
嚼	zve2	jve2
爝	zve2	jve2
俊	zvn4	jvn4
骏	zvn4	jvn4
峻	zvn4	jvn4
竣	zvn4	jvn4
浚	zvn4	jvn4
畯	zvn4	jvn4
隽	zvn4	jvn4
睃	zvn4	jvn4
焌	zvn4	jvn4
濬	zvn4	jvn4
寯	zvn4	jvn4
馂	zvn4	jvn4
鵕	zvn4	jvn4
鵔	zvn4	jvn4
七	cii1	qi1
柒	cii1	qi1
妻	cii1	qi1
戚	cii1	qi1
漆	cii1	qi1
栖	cii1	qi1
凄	cii1	qi1
沏	cii1	qi1
萋	cii1	qi1
缉	cii1	qi1
郪	cii1	qi1
桼	cii1	qi1
嘁	cii1	qi1
齐	cii2	qi2
脐	cii2	qi2
荠	cii2	qi2
懠	cii2	qi2
蛴	cii2	qi2
泣	cii4	qi4
砌	cii4	qi4
缉	cii4	qi4
葺	cii4	qi4
碛	cii4	qi4
妻	cii4	qi4
槭	cii4	qi4
咠	cii4	qi4
磩	cii4	qi4
千	cian1	qian1
仟	cian1	qian1
签	cian1	qian1
迁	cian1	qian1
佥	cian1	qian1
阡	cian1	qian1
芊	cian1	qian1
扦	cian1	qian1
钎	cian1	qian1
籖	cian1	qian1
前	cian2	qian2
钱	cian2	qian2
潜	cian2	qian2
荨	cian2	qian2
媊	cian2	qian2
灊	cian2	qian2
浅	cian3	qian3
倩	cian4	qian4
茜	cian4	qian4
箐	cian4	qian4
堑	cian4	qian4
蒨	cian4	qian4
椠	cian4	qian4
𬘬	cian4	qian4
悄	ciao1	qiao1
锹	ciao1	qiao1
缲	ciao1	qiao1
雀	ciao1	qiao1
劁	ciao1	qiao1
幧	ciao1	qiao1
瞧	ciao2	qiao2
樵	ciao2	qiao2
憔	ciao2	qiao2
谯	ciao2	qiao2
睄	ciao2	qiao2
悄	ciao3	qiao3
愀	ciao3	qiao3
雀	ciao3	qiao3
俏	ciao4	qiao4
峭	ciao4	qiao4
鞘	ciao4	qiao4
诮	ciao4	qiao4
箾	ciao4	qiao4
枪	ciang1	qiang1
呛	ciang1	qiang1
锵	ciang1	qiang1
戕	ciang1	qiang1
戗	ciang1	qiang1
锖	ciang1	qiang1
跄	ciang1	qiang1
玱	ciang1	qiang1
蹡	ciang1	qiang1
斨	ciang1	qiang1
墙	ciang2	qiang2
蔷	ciang2	qiang2
樯	ciang2	qiang2
嫱	ciang2	qiang2
艢	ciang2	qiang2
抢	ciang3	qiang3
炝	ciang4	qiang4
呛	ciang4	qiang4
切	cie1	qie1
且	cie3	qie3
切	cie4	qie4
窃	cie4	qie4
妾	cie4	qie4
趄	cie4	qie4
砌	cie4	qie4
亲	cin1	qin1
侵	cin1	qin1
骎	cin1	qin1
綅	cin1	qin1
秦	cin2	qin2
嗪	cin2	qin2
溱	cin2	qin2
螓	cin2	qin2
寝	cin3	qin3
锓	cin3	qin3
沁	cin4	qin4
吣	cin4	qin4
清	cing1	qing1
青	cing1	qing1
蜻	cing1	qing1
鲭	cing1	qing1
圊	cing1	qing1
情	cing2	qing2
晴	cing2	qing2
氰	cing2	qing2
䞍	cing2	qing2
请	cing3	qing3
亲	cing4	qing4
箐	cing4	qing4
靘	cing4	qing4
凊	cing4	qing4
秋	ciu1	qiu1
鳅	ciu1	qiu1
萩	ciu1	qiu1
楸	ciu1	qiu1
鹙	ciu1	qiu1
鞧	ciu1	qiu1
湫	ciu1	qiu1
囚	ciu2	qiu2
酋	ciu2	qiu2
遒	ciu2	qiu2
泅	ciu2	qiu2
蝤	ciu2	qiu2
艽	ciu2	qiu2
崷	ciu2	qiu2
趋	cv1	qv1
蛆	cv1	qv1
黢	cv1	qv1
焌	cv1	qv1
取	cv3	qv3
娶	cv3	qv3
趣	cv4	qv4
觑	cv4	qv4
悛	cvan1	qvan1
全	cvan2	qvan2
泉	cvan2	qvan2
诠	cvan2	qvan2
醛	cvan2	qvan2
荃	cvan2	qvan2
痊	cvan2	qvan2
铨	cvan2	qvan2
佺	cvan2	qvan2
筌	cvan2	qvan2
鳈	cvan2	qvan2
辁	cvan2	qvan2
牷	cvan2	qvan2
跧	cvan2	qvan2
雀	cve4	qve4
鹊	cve4	qve4
碏	cve4	qve4
逡	cvn1	qvn1
西	sii1	xi1
息	sii1	xi1
析	sii1	xi1
悉	sii1	xi1
惜	sii1	xi1
晰	sii1	xi1
锡	sii1	xi1
夕	sii1	xi1
膝	sii1	xi1
昔	sii1	xi1
犀	sii1	xi1
熄	sii1	xi1
蜥	sii1	xi1
汐	sii1	xi1
硒	sii1	xi1
皙	sii1	xi1
淅	sii1	xi1
蟋	sii1	xi1
樨	sii1	xi1
茜	sii1	xi1
栖	sii1	xi1
腊	sii1	xi1
裼	sii1	xi1
矽	sii1	xi1
穸	sii1	xi1
氥	sii1	xi1
菥	sii1	xi1
舾	sii1	xi1
粞	sii1	xi1
緆	sii1	xi1
窸	sii1	xi1
螅	sii1	xi1
瘜	sii1	xi1
习	sii2	xi2
息	sii2	xi2
席	sii2	xi2
惜	sii2	xi2
袭	sii2	xi2
媳	sii2	xi2
瘜	sii2	xi2
隰	sii2	xi2
霫	sii2	xi2
洗	sii3	xi3
玺	sii3	xi3
徙	sii3	xi3
铣	sii3	xi3
𫄥	sii3	xi3
纚	sii3	xi3
枲	sii3	xi3
葸	sii3	xi3
蓰	sii3	xi3
屣	sii3	xi3
𫄳	sii3	xi3
縰	sii3	xi3
蹝	sii3	xi3
细	sii4	xi4
夕	sii4	xi4
潟	sii4	xi4
卌	sii4	xi4
怬	sii4	xi4
舄	sii4	xi4
磶	sii4	xi4
先	sian1	xian1
鲜	sian1	xian1
仙	sian1	xian1
纤	sian1	xian1
酰	sian1	xian1
暹	sian1	xian1
氙	sian1	xian1
祆	sian1	xian1
籼	sian1	xian1
跹	sian1	xian1
铦	sian1	xian1
褼	sian1	xian1
蹮	sian1	xian1
鱻	sian1	xian1
涎	sian2	xian2
挦	sian2	xian2
鲜	sian3	xian3
癣	sian3	xian3
藓	sian3	xian3
冼	sian3	xian3
洗	sian3	xian3
燹	sian3	xian3
筅	sian3	xian3
跣	sian3	xian3
狝	sian3	xian3
铣	sian3	xian3
毨	sian3	xian3
烍	sian3	xian3
线	sian4	xian4
腺	sian4	xian4
羡	sian4	xian4
霰	sian4	xian4
消	siao1	xiao1
销	siao1	xiao1
萧	siao1	xiao1
宵	siao1	xiao1
硝	siao1	xiao1
潇	siao1	xiao1
嚣	siao1	xiao1
逍	siao1	xiao1
霄	siao1	xiao1
削	siao1	xiao1
箫	siao1	xiao1
绡	siao1	xiao1
魈	siao1	xiao1
肖	siao1	xiao1
翛	siao1	xiao1
蟏	siao1	xiao1
睄	siao1	xiao1
蛸	siao1	xiao1
箾	siao1	xiao1
小	siao3	xiao3
筱	siao3	xiao3
𫍲	siao3	xiao3
笑	siao4	xiao4
肖	siao4	xiao4
啸	siao4	xiao4
歗	siao4	xiao4
相	siang1	xiang1
箱	siang1	xiang1
湘	siang1	xiang1
厢	siang1	xiang1
襄	siang1	xiang1
镶	siang1	xiang1
骧	siang1	xiang1
缃	siang1	xiang1
瓖	siang1	xiang1
葙	siang1	xiang1
𬙋	siang1	xiang1
勷	siang1	xiang1
详	siang2	xiang2
祥	siang2	xiang2
翔	siang2	xiang2
庠	siang2	xiang2
想	siang3	xiang3
鲞	siang3	xiang3
像	siang4	xiang4
象	siang4	xiang4
相	siang4	xiang4
橡	siang4	xiang4
蟓	siang4	xiang4
些	sie1	xie1
楔	sie1	xie1
揳	sie1	xie1
斜	sie2	xie2
邪	sie2	xie2
衺	sie2	xie2
写	sie3	xie3
谢	sie4	xie4
泄	sie4	xie4
卸	sie4	xie4
泻	sie4	xie4
屑	sie4	xie4
亵	sie4	xie4
榭	sie4	xie4
楔	sie4	xie4
燮	sie4	xie4
绁	sie4	xie4
偰	sie4	xie4
榍	sie4	xie4
渫	sie4	xie4
躞	sie4	xie4
契	sie4	xie4
屟	sie4	xie4
卨	sie4	xie4
禼	sie4	xie4
灺	sie4	xie4
𫄬	sie4	xie4
緤	sie4	xie4
新	sin1	xin1
心	sin1	xin1
辛	sin1	xin1
薪	sin1	xin1
芯	sin1	xin1
锌	sin1	xin1
莘	sin1	xin1
忄	sin1	xin1
信	sin4	xin4
囟	sin4	xin4
芯	sin4	xin4
星	sing1	xing1
腥	sing1	xing1
猩	sing1	xing1
惺	sing1	xing1
骍	sing1	xing1
鯹	sing1	xing1
曐	sing1	xing1
箵	sing1	xing1
皨	sing1	xing1
饧	sing2	xing2
醒	sing3	xing3
省	sing3	xing3
擤	sing3	xing3
性	sing4	xing4
姓	sing4	xing4
修	siu1	xiu1
羞	siu1	xiu1
馐	siu1	xiu1
脩	siu1	xiu1
宿	siu3	xiu3
滫	siu3	xiu3
秀	siu4	xiu4
袖	siu4	xiu4
绣	siu4	xiu4
锈	siu4	xiu4
宿	siu4	xiu4
岫	siu4	xiu4
璓	siu4	xiu4
褏	siu4	xiu4
需	sv1	xv1
须	sv1	xv1
戌	sv1	xv1
胥	sv1	xv1
顼	sv1	xv1
谞	sv1	xv1
媭	sv1	xv1
𦈡	sv1	xv1
偦	sv1	xv1
稰	sv1	xv1
徐	sv2	xv2
俆	sv2	xv2
栩	sv3	xv3
醑	sv3	xv3
糈	sv3	xv3
湑	sv3	xv3
稰	sv3	xv3
𪾔	sv3	xv3
盨	sv3	xv3
续	sv4	xv4
序	sv4	xv4
绪	sv4	xv4
叙	sv4	xv4
恤	sv4	xv4
絮	sv4	xv4
婿	sv4	xv4
溆	sv4	xv4
垿	sv4	xv4
壻	sv4	xv4
蓿	sv5	xv5
宣	svan1	xvan1
瑄	svan1	xvan1
煊	svan1	xvan1
揎	svan1	xvan1
旋	svan2	xvan2
璇	svan2	xvan2
漩	svan2	xvan2
选	svan3	xvan3
癣	svan3	xvan3
渲	svan4	xvan4
绚	svan4	xvan4
旋	svan4	xvan4
碹	svan4	xvan4
镟	svan4	xvan4
削	sve1	xve1
薛	sve1	xve1
踅	sve2	xve2
雪	sve3	xve3
鳕	sve3	xve3
彐	sve3	xve3
询	svn2	xvn2
寻	svn2	xvn2
循	svn2	xvn2
巡	svn2	xvn2
旬	svn2	xvn2
荀	svn2	xvn2
荨	svn2	xvn2
浔	svn2	xvn2
鲟	svn2	xvn2
洵	svn2	xvn2
峋	svn2	xvn2
恂	svn2	xvn2
栒	svn2	xvn2
𬘓	svn2	xvn2
𬍤	svn2	xvn2
𬊈	svn2	xvn2
郇	svn2	xvn2
㖊	svn2	xvn2
𫊻	svn2	xvn2
廵	svn2	xvn2
桪	svn2	xvn2
讯	svn4	xvn4
迅	svn4	xvn4
逊	svn4	xvn4
汛	svn4	xvn4
殉	svn4	xvn4
巽	svn4	xvn4
徇	svn4	xvn4
蕈	svn4	xvn4
噀	svn4	xvn4
浚	svn4	xvn4
濬	svn4	xvn4
狥	svn4	xvn4
